{
    "name": "root",
    "gauges": {
        "KeyboardAgent.Policy.Entropy.mean": {
            "value": 1.6493890285491943,
            "min": 1.5931211709976196,
            "max": 1.6914162635803223,
            "count": 15
        },
        "KeyboardAgent.Policy.Entropy.sum": {
            "value": 164554.59375,
            "min": 96872.921875,
            "max": 169851.734375,
            "count": 15
        },
        "KeyboardAgent.Step.mean": {
            "value": 2299297.0,
            "min": 899630.0,
            "max": 2299297.0,
            "count": 15
        },
        "KeyboardAgent.Step.sum": {
            "value": 2299297.0,
            "min": 899630.0,
            "max": 2299297.0,
            "count": 15
        },
        "KeyboardAgent.Policy.ExtrinsicValueEstimate.mean": {
            "value": 1951.365478515625,
            "min": 1039.327392578125,
            "max": 2037.7879638671875,
            "count": 15
        },
        "KeyboardAgent.Policy.ExtrinsicValueEstimate.sum": {
            "value": 269288.4375,
            "min": 139940.40625,
            "max": 285290.3125,
            "count": 15
        },
        "KeyboardAgent.Environment.EpisodeLength.mean": {
            "value": 1444.8985507246377,
            "min": 1095.4888888888888,
            "max": 1498.5820895522388,
            "count": 15
        },
        "KeyboardAgent.Environment.EpisodeLength.sum": {
            "value": 99698.0,
            "min": 60756.0,
            "max": 100453.0,
            "count": 15
        },
        "KeyboardAgent.Environment.CumulativeReward.mean": {
            "value": 28010.544355751812,
            "min": 8827.006692739633,
            "max": 31956.369913129663,
            "count": 15
        },
        "KeyboardAgent.Environment.CumulativeReward.sum": {
            "value": 1932727.560546875,
            "min": 503308.97497558594,
            "max": 2141076.7841796875,
            "count": 15
        },
        "KeyboardAgent.Policy.ExtrinsicReward.mean": {
            "value": 28010.544355751812,
            "min": 8827.006692739633,
            "max": 31956.369913129663,
            "count": 15
        },
        "KeyboardAgent.Policy.ExtrinsicReward.sum": {
            "value": 1932727.560546875,
            "min": 503308.97497558594,
            "max": 2141076.7841796875,
            "count": 15
        },
        "KeyboardAgent.Losses.PolicyLoss.mean": {
            "value": 0.09856357555765229,
            "min": 0.09513234514169838,
            "max": 0.10103426721221143,
            "count": 15
        },
        "KeyboardAgent.Losses.PolicyLoss.sum": {
            "value": 0.39425430223060914,
            "min": 0.20206853442442285,
            "max": 0.3981533300497348,
            "count": 15
        },
        "KeyboardAgent.Losses.ValueLoss.mean": {
            "value": 707077.2392312555,
            "min": 660858.7695771952,
            "max": 1105593.2944968608,
            "count": 15
        },
        "KeyboardAgent.Losses.ValueLoss.sum": {
            "value": 2828308.956925022,
            "min": 2145120.995181298,
            "max": 4114485.150873595,
            "count": 15
        },
        "KeyboardAgent.Policy.LearningRate.mean": {
            "value": 0.00016532138989288503,
            "min": 0.00016532138989288503,
            "max": 0.00024736753754416,
            "count": 15
        },
        "KeyboardAgent.Policy.LearningRate.sum": {
            "value": 0.0006612855595715401,
            "min": 0.00049473507508832,
            "max": 0.0009713031762323,
            "count": 15
        },
        "KeyboardAgent.Policy.Epsilon.mean": {
            "value": 0.155107115,
            "min": 0.155107115,
            "max": 0.18245583999999998,
            "count": 15
        },
        "KeyboardAgent.Policy.Epsilon.sum": {
            "value": 0.62042846,
            "min": 0.36491167999999996,
            "max": 0.7237677000000001,
            "count": 15
        },
        "KeyboardAgent.Policy.Beta.mean": {
            "value": 0.0005555604385,
            "min": 0.0005555604385,
            "max": 0.000826312816,
            "count": 15
        },
        "KeyboardAgent.Policy.Beta.sum": {
            "value": 0.002222241754,
            "min": 0.001652625632,
            "max": 0.0032453002300000004,
            "count": 15
        },
        "KeyboardAgent.IsTraining.mean": {
            "value": 1.0,
            "min": 1.0,
            "max": 1.0,
            "count": 15
        },
        "KeyboardAgent.IsTraining.sum": {
            "value": 1.0,
            "min": 1.0,
            "max": 1.0,
            "count": 15
        }
    },
    "metadata": {
        "timer_format_version": "0.1.0",
        "start_time_seconds": "1682180366",
        "python_version": "3.9.13 (main, Aug 25 2022, 23:26:10) \n[GCC 11.2.0]",
        "command_line_arguments": "/mnt/c/Users/HOI3/anaconda3/bin/mlagents-learn keyboard.yaml --run-id kb_14 --resume",
        "mlagents_version": "0.30.0",
        "mlagents_envs_version": "0.30.0",
        "communication_protocol_version": "1.5.0",
        "pytorch_version": "1.11.0+cu102",
        "numpy_version": "1.21.2",
        "end_time_seconds": "1682188169"
    },
    "total": 7802.371988100001,
    "count": 1,
    "self": 0.010343000000830216,
    "children": {
        "run_training.setup": {
            "total": 0.16533389999999315,
            "count": 1,
            "self": 0.16533389999999315
        },
        "TrainerController.start_learning": {
            "total": 7802.196311199999,
            "count": 1,
            "self": 26.882120500016754,
            "children": {
                "TrainerController._reset_env": {
                    "total": 32.811245400000004,
                    "count": 1,
                    "self": 32.811245400000004
                },
                "TrainerController.advance": {
                    "total": 7742.340615999982,
                    "count": 1483039,
                    "self": 30.08042950028812,
                    "children": {
                        "env_step": {
                            "total": 7175.17589189966,
                            "count": 1483039,
                            "self": 5108.225323599443,
                            "children": {
                                "SubprocessEnvManager._take_step": {
                                    "total": 2049.2668729998354,
                                    "count": 1483039,
                                    "self": 72.39194499958671,
                                    "children": {
                                        "TorchPolicy.evaluate": {
                                            "total": 1976.8749280002487,
                                            "count": 1482207,
                                            "self": 1976.8749280002487
                                        }
                                    }
                                },
                                "workers": {
                                    "total": 17.68369530038116,
                                    "count": 1483038,
                                    "self": 0.0,
                                    "children": {
                                        "worker_root": {
                                            "total": 7747.7389014999135,
                                            "count": 1483038,
                                            "is_parallel": true,
                                            "self": 3835.6025287004627,
                                            "children": {
                                                "run_training.setup": {
                                                    "total": 0.0,
                                                    "count": 0,
                                                    "is_parallel": true,