{
    "name": "root",
    "gauges": {
        "KeyboardAgent.Policy.Entropy.mean": {
            "value": 1.572007656097412,
            "min": 1.425436019897461,
            "max": 1.572007656097412,
            "count": 8
        },
        "KeyboardAgent.Policy.Entropy.sum": {
            "value": 156249.703125,
            "min": 143035.375,
            "max": 157002.09375,
            "count": 8
        },
        "KeyboardAgent.Step.mean": {
            "value": 799090.0,
            "min": 99345.0,
            "max": 799090.0,
            "count": 8
        },
        "KeyboardAgent.Step.sum": {
            "value": 799090.0,
            "min": 99345.0,
            "max": 799090.0,
            "count": 8
        },
        "KeyboardAgent.Policy.ExtrinsicValueEstimate.mean": {
            "value": 2119.724365234375,
            "min": 1411.6741943359375,
            "max": 3178.05810546875,
            "count": 8
        },
        "KeyboardAgent.Policy.ExtrinsicValueEstimate.sum": {
            "value": 239528.84375,
            "min": 170812.578125,
            "max": 413147.5625,
            "count": 8
        },
        "KeyboardAgent.Environment.EpisodeLength.mean": {
            "value": 1855.5094339622642,
            "min": 1566.53125,
            "max": 2286.093023255814,
            "count": 8
        },
        "KeyboardAgent.Environment.EpisodeLength.sum": {
            "value": 98342.0,
            "min": 98302.0,
            "max": 100969.0,
            "count": 8
        },
        "KeyboardAgent.Environment.CumulativeReward.mean": {
            "value": 39494.892084474915,
            "min": 23297.561584472656,
            "max": 39494.892084474915,
            "count": 8
        },
        "KeyboardAgent.Environment.CumulativeReward.sum": {
            "value": 2132724.1725616455,
            "min": 1397853.6950683594,
            "max": 2132724.1725616455,
            "count": 8
        },
        "KeyboardAgent.Policy.ExtrinsicReward.mean": {
            "value": 39494.892084474915,
            "min": 23297.561584472656,
            "max": 39494.892084474915,
            "count": 8
        },
        "KeyboardAgent.Policy.ExtrinsicReward.sum": {
            "value": 2132724.1725616455,
            "min": 1397853.6950683594,
            "max": 2132724.1725616455,
            "count": 8
        },
        "KeyboardAgent.Losses.PolicyLoss.mean": {
            "value": 0.09556414727013351,
            "min": 0.09419123371193285,
            "max": 0.10206549719031961,
            "count": 8
        },
        "KeyboardAgent.Losses.PolicyLoss.sum": {
            "value": 0.38225658908053406,
            "min": 0.30619649157095885,
            "max": 0.39760713063885433,
            "count": 8
        },
        "KeyboardAgent.Losses.ValueLoss.mean": {
            "value": 823331.718777328,
            "min": 683213.093335522,
            "max": 1178260.0799383922,
            "count": 8
        },
        "KeyboardAgent.Losses.ValueLoss.sum": {
            "value": 3293326.875109312,
            "min": 2732852.373342088,
            "max": 3534780.2398151765,
            "count": 8
        },
        "KeyboardAgent.Policy.LearningRate.mean": {
            "value": 0.00025503629998790495,
            "min": 0.00025503629998790495,
            "max": 0.0002969739610086799,
            "count": 8
        },
        "KeyboardAgent.Policy.LearningRate.sum": {
            "value": 0.0010201451999516198,
            "min": 0.0008909218830260397,
            "max": 0.0011666964711011798,
            "count": 8
        },
        "KeyboardAgent.Policy.Epsilon.mean": {
            "value": 0.18501209500000002,
            "min": 0.18501209500000002,
            "max": 0.19899132,
            "count": 8
        },
        "KeyboardAgent.Policy.Epsilon.sum": {
            "value": 0.7400483800000001,
            "min": 0.59697396,
            "max": 0.78889882,
            "count": 8
        },
        "KeyboardAgent.Policy.Beta.mean": {
            "value": 0.0008516197405,
            "min": 0.0008516197405,
            "max": 0.000990014068,
            "count": 8
        },
        "KeyboardAgent.Policy.Beta.sum": {
            "value": 0.003406478962,
            "min": 0.002970042204,
            "max": 0.0038900983180000003,
            "count": 8
        },
        "KeyboardAgent.IsTraining.mean": {
            "value": 1.0,
            "min": 1.0,
            "max": 1.0,
            "count": 8
        },
        "KeyboardAgent.IsTraining.sum": {
            "value": 1.0,
            "min": 1.0,
            "max": 1.0,
            "count": 8
        }
    },
    "metadata": {
        "timer_format_version": "0.1.0",
        "start_time_seconds": "1682175198",
        "python_version": "3.9.13 (main, Oct 13 2022, 21:15:33) \n[GCC 11.2.0]",
        "command_line_arguments": "/home/hoi/anaconda3/envs/ml-agents-2.0/bin/mlagents-learn keyboard.yaml --initialize-from kb_13 --run-id kb_14",
        "mlagents_version": "0.30.0",
        "mlagents_envs_version": "0.30.0",
        "communication_protocol_version": "1.5.0",
        "pytorch_version": "1.11.0+cu102",
        "numpy_version": "1.21.2",
        "end_time_seconds": "1682178621"
    },
    "total": 3422.886538700004,
    "count": 1,
    "self": 0.009695800006738864,
    "children": {
        "run_training.setup": {
            "total": 0.11102029999892693,
            "count": 1,
            "self": 0.11102029999892693
        },
        "TrainerController.start_learning": {
            "total": 3422.7658225999985,
            "count": 1,
            "self": 12.571980296335823,
            "children": {
                "TrainerController._reset_env": {
                    "total": 40.526310499997635,
                    "count": 1,
                    "self": 40.526310499997635
                },
                "TrainerController.advance": {
                    "total": 3369.5449636036647,
                    "count": 840435,
                    "self": 11.461544703204709,
                    "children": {
                        "env_step": {
                            "total": 3064.363587797103,
                            "count": 840435,
                            "self": 2173.9380679957176,
                            "children": {
                                "SubprocessEnvManager._take_step": {
                                    "total": 882.2639572994667,
                                    "count": 840435,
                                    "self": 30.235272599929885,
                                    "children": {
                                        "TorchPolicy.evaluate": {
                                            "total": 852.0286846995368,
                                            "count": 840034,
                                            "self": 852.0286846995368
                                        }
                                    }
                                },
                                "workers": {
                                    "total": 8.161562501918525,
                                    "count": 840434,
                                    "self": 0.0,
                                    "children": {
                                        "worker_root": {
                                            "total": 3401.615452803213,
                                            "count": 840434,
                                            "is_parallel": true,
                                            "self": 1742.9326561035487,
                                            "children": {
                                                "run_training.setup": {
                                                    "total": 0.0,
                                                    "count": 0,
                                                    "is_parallel": true,
                                                    "self": 0.0,