{
    "name": "root",
    "gauges": {
        "KeyboardAgent.Policy.Entropy.mean": {
            "value": 1.3555105924606323,
            "min": 1.3333349227905273,
            "max": 1.3857810497283936,
            "count": 29
        },
        "KeyboardAgent.Policy.Entropy.sum": {
            "value": 135286.734375,
            "min": 133414.828125,
            "max": 138780.453125,
            "count": 29
        },
        "KeyboardAgent.Step.mean": {
            "value": 22899356.0,
            "min": 20099856.0,
            "max": 22899356.0,
            "count": 29
        },
        "KeyboardAgent.Step.sum": {
            "value": 22899356.0,
            "min": 20099856.0,
            "max": 22899356.0,
            "count": 29
        },
        "KeyboardAgent.Policy.ExtrinsicValueEstimate.mean": {
            "value": 2478.782470703125,
            "min": 2325.726318359375,
            "max": 2772.23779296875,
            "count": 29
        },
        "KeyboardAgent.Policy.ExtrinsicValueEstimate.sum": {
            "value": 304890.25,
            "min": 297919.5,
            "max": 362613.4375,
            "count": 29
        },
        "KeyboardAgent.Environment.EpisodeLength.mean": {
            "value": 1956.7884615384614,
            "min": 1498.2424242424242,
            "max": 2319.046511627907,
            "count": 29
        },
        "KeyboardAgent.Environment.EpisodeLength.sum": {
            "value": 101753.0,
            "min": 98363.0,
            "max": 101753.0,
            "count": 29
        },
        "KeyboardAgent.Environment.CumulativeReward.mean": {
            "value": 56897.41889235553,
            "min": 35586.558400623835,
            "max": 60741.86137354651,
            "count": 29
        },
        "KeyboardAgent.Environment.CumulativeReward.sum": {
            "value": 2901768.363510132,
            "min": 2232862.1767578125,
            "max": 2927936.906524658,
            "count": 29
        },
        "KeyboardAgent.Policy.ExtrinsicReward.mean": {
            "value": 56897.41889235553,
            "min": 35586.558400623835,
            "max": 60741.86137354651,
            "count": 29
        },
        "KeyboardAgent.Policy.ExtrinsicReward.sum": {
            "value": 2901768.363510132,
            "min": 2232862.1767578125,
            "max": 2927936.906524658,
            "count": 29
        },
        "KeyboardAgent.Losses.PolicyLoss.mean": {
            "value": 0.09942341747150173,
            "min": 0.09604338626709999,
            "max": 0.10014851583302575,
            "count": 29
        },
        "KeyboardAgent.Losses.PolicyLoss.sum": {
            "value": 0.3976936698860069,
            "min": 0.2934803972971415,
            "max": 0.400594063332103,
            "count": 29
        },
        "KeyboardAgent.Losses.ValueLoss.mean": {
            "value": 675629.2310383974,
            "min": 522786.6702742886,
            "max": 789550.5359084622,
            "count": 29
        },
        "KeyboardAgent.Losses.ValueLoss.sum": {
            "value": 2702516.9241535896,
            "min": 1675814.0724580162,
            "max": 3158202.143633849,
            "count": 29
        },
        "KeyboardAgent.Policy.LearningRate.mean": {
            "value": 2.5769989410034e-05,
            "min": 2.5769989410034e-05,
            "max": 5.938756420417199e-05,
            "count": 29
        },
        "KeyboardAgent.Policy.LearningRate.sum": {
            "value": 0.000103079957640136,
            "min": 0.000103079957640136,
            "max": 0.000233276386241312,
            "count": 29
        },
        "KeyboardAgent.Policy.Epsilon.mean": {
            "value": 0.10858996600000001,
            "min": 0.10858996600000001,
            "max": 0.119795828,
            "count": 29
        },
        "KeyboardAgent.Policy.Epsilon.sum": {
            "value": 0.43435986400000004,
            "min": 0.33779373199999996,
            "max": 0.47775868800000004,
            "count": 29
        },
        "KeyboardAgent.Policy.Beta.mean": {
            "value": 9.504066340000001e-05,
            "min": 9.504066340000001e-05,
            "max": 0.00020597869719999996,
            "count": 29
        },
        "KeyboardAgent.Policy.Beta.sum": {
            "value": 0.00038016265360000005,
            "min": 0.00038016265360000005,
            "max": 0.0008098110111999998,
            "count": 29
        },
        "KeyboardAgent.IsTraining.mean": {
            "value": 1.0,
            "min": 1.0,
            "max": 1.0,
            "count": 29
        },
        "KeyboardAgent.IsTraining.sum": {
            "value": 1.0,
            "min": 1.0,
            "max": 1.0,
            "count": 29
        }
    },
    "metadata": {
        "timer_format_version": "0.1.0",
        "start_time_seconds": "1682257946",
        "python_version": "3.9.13 (main, Oct 13 2022, 21:15:33) \n[GCC 11.2.0]",
        "command_line_arguments": "/home/hoi/anaconda3/envs/ml-agents-2.0/bin/mlagents-learn keyboard.yaml --run-id kb_14 --resume",
        "mlagents_version": "0.30.0",
        "mlagents_envs_version": "0.30.0",
        "communication_protocol_version": "1.5.0",
        "pytorch_version": "1.11.0+cu102",
        "numpy_version": "1.21.2",
        "end_time_seconds": "1682268261"
    },
    "total": 10313.752856,
    "count": 1,
    "self": 0.009430500002054032,
    "children": {
        "run_training.setup": {
            "total": 0.11275100000057137,
            "count": 1,
            "self": 0.11275100000057137
        },
        "TrainerController.start_learning": {
            "total": 10313.630674499997,
            "count": 1,
            "self": 37.51385840422881,
            "children": {
                "TrainerController._reset_env": {
                    "total": 31.525006699994265,
                    "count": 1,
                    "self": 31.525006699994265
                },
                "TrainerController.advance": {
                    "total": 10244.460704695768,
                    "count": 2978524,
                    "self": 35.2627654016469,
                    "children": {
                        "env_step": {
                            "total": 9256.179086194737,
                            "count": 2978524,
                            "self": 6421.97750038965,
                            "children": {
                                "SubprocessEnvManager._take_step": {
                                    "total": 2809.4646535030843,
                                    "count": 2978524,
                                    "self": 95.91303130564484,
                                    "children": {
                                        "TorchPolicy.evaluate": {
                                            "total": 2713.5516221974394,
                                            "count": 2977384,
                                            "self": 2713.5516221974394
                                        }
                                    }
                                },
                                "workers": {
                                    "total": 24.73693230200297,
                                    "count": 2978523,
                                    "self": 0.0,
                                    "children": {
                                        "worker_root": {
                                            "total": 10257.782407103405,
                                            "count": 2978523,
                                            "is_parallel": true,
                                            "self": 5333.885630205157,
                                            "children": {
                                                "run_training.setup": {
                                                    "total": 0.0,
                                                    "count": 0,
                                                    "is_parallel": true,