{
    "name": "root",
    "gauges": {
        "KeyboardAgent.Policy.Entropy.mean": {
            "value": 1.3890877962112427,
            "min": 1.3480441570281982,
            "max": 1.3976787328720093,
            "count": 21
        },
        "KeyboardAgent.Policy.Entropy.sum": {
            "value": 139279.671875,
            "min": 31739.4140625,
            "max": 140893.0,
            "count": 21
        },
        "KeyboardAgent.Step.mean": {
            "value": 24999795.0,
            "min": 22999512.0,
            "max": 24999795.0,
            "count": 21
        },
        "KeyboardAgent.Step.sum": {
            "value": 24999795.0,
            "min": 22999512.0,
            "max": 24999795.0,
            "count": 21
        },
        "KeyboardAgent.Policy.ExtrinsicValueEstimate.mean": {
            "value": 2189.225830078125,
            "min": 2124.5419921875,
            "max": 2843.47509765625,
            "count": 21
        },
        "KeyboardAgent.Policy.ExtrinsicValueEstimate.sum": {
            "value": 310870.0625,
            "min": 82188.5,
            "max": 350109.15625,
            "count": 21
        },
        "KeyboardAgent.Environment.EpisodeLength.mean": {
            "value": 1411.2112676056338,
            "min": 1345.3243243243244,
            "max": 1672.7833333333333,
            "count": 21
        },
        "KeyboardAgent.Environment.EpisodeLength.sum": {
            "value": 100196.0,
            "min": 23458.0,
            "max": 100896.0,
            "count": 21
        },
        "KeyboardAgent.Environment.CumulativeReward.mean": {
            "value": 32039.467188875442,
            "min": 27774.739251214105,
            "max": 46879.76996159957,
            "count": 21
        },
        "KeyboardAgent.Environment.CumulativeReward.sum": {
            "value": 2274802.1704101562,
            "min": 560022.9624023438,
            "max": 2765906.427734375,
            "count": 21
        },
        "KeyboardAgent.Policy.ExtrinsicReward.mean": {
            "value": 32039.467188875442,
            "min": 27774.739251214105,
            "max": 46879.76996159957,
            "count": 21
        },
        "KeyboardAgent.Policy.ExtrinsicReward.sum": {
            "value": 2274802.1704101562,
            "min": 560022.9624023438,
            "max": 2765906.427734375,
            "count": 21
        },
        "KeyboardAgent.IsTraining.mean": {
            "value": 1.0,
            "min": 1.0,
            "max": 1.0,
            "count": 21
        },
        "KeyboardAgent.IsTraining.sum": {
            "value": 1.0,
            "min": 1.0,
            "max": 1.0,
            "count": 21
        },
        "KeyboardAgent.Losses.PolicyLoss.mean": {
            "value": 0.09695052444574938,
            "min": 0.09259181226461909,
            "max": 0.09981099940492824,
            "count": 20
        },
        "KeyboardAgent.Losses.PolicyLoss.sum": {
            "value": 0.3878020977829975,
            "min": 0.28897699360029216,
            "max": 0.39924399761971296,
            "count": 20
        },
        "KeyboardAgent.Losses.ValueLoss.mean": {
            "value": 791424.5623329814,
            "min": 702317.9697320309,
            "max": 896431.8625317256,
            "count": 20
        },
        "KeyboardAgent.Losses.ValueLoss.sum": {
            "value": 3165698.2493319255,
            "min": 2445916.688162994,
            "max": 3585727.450126902,
            "count": 20
        },
        "KeyboardAgent.Policy.LearningRate.mean": {
            "value": 6.048457984180004e-07,
            "min": 6.048457984180004e-07,
            "max": 2.3521253159613004e-05,
            "count": 20
        },
        "KeyboardAgent.Policy.LearningRate.sum": {
            "value": 2.4193831936720016e-06,
            "min": 2.4193831936720016e-06,
            "max": 9.408501263845202e-05,
            "count": 20
        },
        "KeyboardAgent.Policy.Epsilon.mean": {
            "value": 0.10020158200000001,
            "min": 0.10020158200000001,
            "max": 0.10784038700000001,
            "count": 20
        },
        "KeyboardAgent.Policy.Epsilon.sum": {
            "value": 0.40080632800000005,
            "min": 0.3090008839999999,
            "max": 0.43136154800000004,
            "count": 20
        },
        "KeyboardAgent.Policy.Beta.mean": {
            "value": 1.1995661800000004e-05,
            "min": 1.1995661800000004e-05,
            "max": 8.76198313e-05,
            "count": 20
        },
        "KeyboardAgent.Policy.Beta.sum": {
            "value": 4.7982647200000016e-05,
            "min": 4.7982647200000016e-05,
            "max": 0.0003504793252,
            "count": 20
        }
    },
    "metadata": {
        "timer_format_version": "0.1.0",
        "start_time_seconds": "1682275738",
        "python_version": "3.9.13 (main, Aug 25 2022, 23:26:10) \n[GCC 11.2.0]",
        "command_line_arguments": "/mnt/c/Users/HOI3/anaconda3/bin/mlagents-learn keyboard.yaml --run-id kb_14 --resume",
        "mlagents_version": "0.30.0",
        "mlagents_envs_version": "0.30.0",
        "communication_protocol_version": "1.5.0",
        "pytorch_version": "1.11.0+cu102",
        "numpy_version": "1.21.2",
        "end_time_seconds": "1682285568"
    },
    "total": 9830.0740778,
    "count": 1,
    "self": 0.012836799998694914,
    "children": {
        "run_training.setup": {
            "total": 0.25649680000000785,
            "count": 1,
            "self": 0.25649680000000785
        },
        "TrainerController.start_learning": {
            "total": 9829.8047442,
            "count": 1,
            "self": 36.72736880005141,
            "children": {
                "TrainerController._reset_env": {
                    "total": 26.52289740000002,
                    "count": 1,
                    "self": 26.52289740000002
                },
                "TrainerController.advance": {
                    "total": 9766.40548379995,
                    "count": 2025216,
                    "self": 39.54964469997867,
                    "children": {
                        "env_step": {
                            "total": 8986.919740600213,
                            "count": 2025216,
                            "self": 6231.811045299237,
                            "children": {
                                "SubprocessEnvManager._take_step": {
                                    "total": 2731.8158219001875,
                                    "count": 2025216,
                                    "self": 98.1855066997191,
                                    "children": {
                                        "TorchPolicy.evaluate": {
                                            "total": 2633.6303152004684,
                                            "count": 2024134,
                                            "self": 2633.6303152004684
                                        }
                                    }
                                },
                                "workers": {
                                    "total": 23.292873400789233,
                                    "count": 2025216,
                                    "self": 0.0,
                                    "children": {
                                        "worker_root": {
                                            "total": 9770.542466799847,
                                            "count": 2025216,
                                            "is_parallel": true,
                                            "self": 5070.629364900356,
                                            "children": {
                                                "run_training.setup": {
                                                    "total": 0.0,
                                                    "count": 0,
                                                    "is_parallel": true,