{
    "name": "root",
    "gauges": {
        "KeyboardAgent.Policy.Entropy.mean": {
            "value": 2.3765270709991455,
            "min": 2.337256669998169,
            "max": 2.770036458969116,
            "count": 83
        },
        "KeyboardAgent.Policy.Entropy.sum": {
            "value": 29837.296875,
            "min": 26983.62890625,
            "max": 34576.9375,
            "count": 83
        },
        "KeyboardAgent.Step.mean": {
            "value": 995945.0,
            "min": 11412.0,
            "max": 995945.0,
            "count": 83
        },
        "KeyboardAgent.Step.sum": {
            "value": 995945.0,
            "min": 11412.0,
            "max": 995945.0,
            "count": 83
        },
        "KeyboardAgent.Policy.ExtrinsicValueEstimate.mean": {
            "value": 630.7860107421875,
            "min": -0.2514582574367523,
            "max": 657.50927734375,
            "count": 83
        },
        "KeyboardAgent.Policy.ExtrinsicValueEstimate.sum": {
            "value": 11354.1484375,
            "min": -4.023332118988037,
            "max": 11501.0673828125,
            "count": 83
        },
        "KeyboardAgent.Environment.EpisodeLength.mean": {
            "value": 2091.5,
            "min": 2049.0,
            "max": 2106.8,
            "count": 83
        },
        "KeyboardAgent.Environment.EpisodeLength.sum": {
            "value": 12549.0,
            "min": 10345.0,
            "max": 14377.0,
            "count": 83
        },
        "KeyboardAgent.Environment.CumulativeReward.mean": {
            "value": 15083.333333333334,
            "min": 13940.0,
            "max": 16166.666666666666,
            "count": 83
        },
        "KeyboardAgent.Environment.CumulativeReward.sum": {
            "value": 90500.0,
            "min": 69700.0,
            "max": 97000.0,
            "count": 83
        },
        "KeyboardAgent.Policy.ExtrinsicReward.mean": {
            "value": 15083.333333333334,
            "min": 13940.0,
            "max": 16166.666666666666,
            "count": 83
        },
        "KeyboardAgent.Policy.ExtrinsicReward.sum": {
            "value": 90500.0,
            "min": 69700.0,
            "max": 97000.0,
            "count": 83
        },
        "KeyboardAgent.IsTraining.mean": {
            "value": 1.0,
            "min": 1.0,
            "max": 1.0,
            "count": 83
        },
        "KeyboardAgent.IsTraining.sum": {
            "value": 1.0,
            "min": 1.0,
            "max": 1.0,
            "count": 83
        },
        "KeyboardAgent.Losses.PolicyLoss.mean": {
            "value": 0.09973828327865937,
            "min": 0.08956257564485327,
            "max": 0.10706317520135233,
            "count": 79
        },
        "KeyboardAgent.Losses.PolicyLoss.sum": {
            "value": 0.09973828327865937,
            "min": 0.08956257564485327,
            "max": 0.10706317520135233,
            "count": 79
        },
        "KeyboardAgent.Losses.ValueLoss.mean": {
            "value": 13621.598353198451,
            "min": 10769.437291332799,
            "max": 115627.3838211086,
            "count": 79
        },
        "KeyboardAgent.Losses.ValueLoss.sum": {
            "value": 13621.598353198451,
            "min": 10769.437291332799,
            "max": 115627.3838211086,
            "count": 79
        },
        "KeyboardAgent.Policy.LearningRate.mean": {
            "value": 3.418298860600004e-06,
            "min": 3.418298860600004e-06,
            "max": 0.0002962764012412,
            "count": 79
        },
        "KeyboardAgent.Policy.LearningRate.sum": {
            "value": 3.418298860600004e-06,
            "min": 3.418298860600004e-06,
            "max": 0.0002962764012412,
            "count": 79
        },
        "KeyboardAgent.Policy.Epsilon.mean": {
            "value": 0.1011394,
            "min": 0.1011394,
            "max": 0.1987588,
            "count": 79
        },
        "KeyboardAgent.Policy.Epsilon.sum": {
            "value": 0.1011394,
            "min": 0.1011394,
            "max": 0.1987588,
            "count": 79
        },
        "KeyboardAgent.Policy.Beta.mean": {
            "value": 2.1280060000000017e-05,
            "min": 2.1280060000000017e-05,
            "max": 0.0009877121200000001,
            "count": 79
        },
        "KeyboardAgent.Policy.Beta.sum": {
            "value": 2.1280060000000017e-05,
            "min": 2.1280060000000017e-05,
            "max": 0.0009877121200000001,
            "count": 79
        }
    },
    "metadata": {
        "timer_format_version": "0.1.0",
        "start_time_seconds": "1681964333",
        "python_version": "3.9.13 (main, Oct 13 2022, 21:15:33) \n[GCC 11.2.0]",
        "command_line_arguments": "/home/hoi/anaconda3/envs/ml-agents-2.0/bin/mlagents-learn keyboard.yaml --run-id kb_03",
        "mlagents_version": "0.30.0",
        "mlagents_envs_version": "0.30.0",
        "communication_protocol_version": "1.5.0",
        "pytorch_version": "1.11.0+cu102",
        "numpy_version": "1.21.2",
        "end_time_seconds": "1681967977"
    },
    "total": 3643.7535432,
    "count": 1,
    "self": 0.010813499999585474,
    "children": {
        "run_training.setup": {
            "total": 0.08199960000001738,
            "count": 1,
            "self": 0.08199960000001738
        },
        "TrainerController.start_learning": {
            "total": 3643.6607301000004,
            "count": 1,
            "self": 12.171853799651217,
            "children": {
                "TrainerController._reset_env": {
                    "total": 32.044765200000256,
                    "count": 1,
                    "self": 32.044765200000256
                },
                "TrainerController.advance": {
                    "total": 3599.3219626003483,
                    "count": 1000555,
                    "self": 11.452926899547492,
                    "children": {
                        "env_step": {
                            "total": 3275.4641623004204,
                            "count": 1000555,
                            "self": 2339.2478463011394,
                            "children": {
                                "SubprocessEnvManager._take_step": {
                                    "total": 927.9348050994522,
                                    "count": 1000555,
                                    "self": 30.865846599075212,
                                    "children": {
                                        "TorchPolicy.evaluate": {
                                            "total": 897.068958500377,
                                            "count": 1000162,
                                            "self": 897.068958500377
                                        }
                                    }
                                },
                                "workers": {
                                    "total": 8.281510899828845,
                                    "count": 1000555,
                                    "self": 0.0,
                                    "children": {
                                        "worker_root": {
                                            "total": 3626.4336553000776,
                                            "count": 1000555,
                                            "is_parallel": true,
                                            "self": 1787.2296421993224,
                                            "children": {
                                                "run_training.setup": {
                                                    "total": 0.0,
                                                    "count": 0,
                                                    "is_parallel": true,
                                                    "self": 0.0,