{
    "name": "root",
    "gauges": {
        "KeyboardAgent.Policy.Entropy.mean": {
            "value": 0.8516539931297302,
            "min": 0.8516539931297302,
            "max": 0.9257038235664368,
            "count": 7
        },
        "KeyboardAgent.Policy.Entropy.sum": {
            "value": 85094.7109375,
            "min": 85094.7109375,
            "max": 93029.53125,
            "count": 7
        },
        "KeyboardAgent.Step.mean": {
            "value": 699330.0,
            "min": 99496.0,
            "max": 699330.0,
            "count": 7
        },
        "KeyboardAgent.Step.sum": {
            "value": 699330.0,
            "min": 99496.0,
            "max": 699330.0,
            "count": 7
        },
        "KeyboardAgent.Policy.ExtrinsicValueEstimate.mean": {
            "value": 2407.054931640625,
            "min": 2357.3623046875,
            "max": 2481.06787109375,
            "count": 7
        },
        "KeyboardAgent.Policy.ExtrinsicValueEstimate.sum": {
            "value": 305695.96875,
            "min": 299385.0,
            "max": 312614.5625,
            "count": 7
        },
        "KeyboardAgent.Environment.EpisodeLength.mean": {
            "value": 1569.111111111111,
            "min": 1563.15625,
            "max": 1578.3015873015872,
            "count": 7
        },
        "KeyboardAgent.Environment.EpisodeLength.sum": {
            "value": 98854.0,
            "min": 98854.0,
            "max": 100825.0,
            "count": 7
        },
        "KeyboardAgent.Environment.CumulativeReward.mean": {
            "value": 38012.43135070801,
            "min": 37649.50192260742,
            "max": 39454.07600136409,
            "count": 7
        },
        "KeyboardAgent.Environment.CumulativeReward.sum": {
            "value": 2432795.6064453125,
            "min": 2408946.5478515625,
            "max": 2485606.7880859375,
            "count": 7
        },
        "KeyboardAgent.Policy.ExtrinsicReward.mean": {
            "value": 38012.43135070801,
            "min": 37649.50192260742,
            "max": 39454.07600136409,
            "count": 7
        },
        "KeyboardAgent.Policy.ExtrinsicReward.sum": {
            "value": 2432795.6064453125,
            "min": 2408946.5478515625,
            "max": 2485606.7880859375,
            "count": 7
        },
        "KeyboardAgent.Losses.PolicyLoss.mean": {
            "value": 0.09819431011591906,
            "min": 0.09819431011591906,
            "max": 0.09974577360590287,
            "count": 7
        },
        "KeyboardAgent.Losses.PolicyLoss.sum": {
            "value": 0.39277724046367624,
            "min": 0.2945863666616516,
            "max": 0.39898309442361146,
            "count": 7
        },
        "KeyboardAgent.Losses.ValueLoss.mean": {
            "value": 469752.5613180348,
            "min": 469752.5613180348,
            "max": 575534.0797914077,
            "count": 7
        },
        "KeyboardAgent.Losses.ValueLoss.sum": {
            "value": 1879010.245272139,
            "min": 1715615.5727530494,
            "max": 2302136.3191656307,
            "count": 7
        },
        "KeyboardAgent.Policy.LearningRate.mean": {
            "value": 0.0002612343129219,
            "min": 0.0002612343129219,
            "max": 0.0002969592210135933,
            "count": 7
        },
        "KeyboardAgent.Policy.LearningRate.sum": {
            "value": 0.0010449372516876,
            "min": 0.0008908776630407799,
            "max": 0.00116655625114792,
            "count": 7
        },
        "KeyboardAgent.Policy.Epsilon.mean": {
            "value": 0.1870781,
            "min": 0.1870781,
            "max": 0.1989864066666667,
            "count": 7
        },
        "KeyboardAgent.Policy.Epsilon.sum": {
            "value": 0.7483124,
            "min": 0.5969592200000001,
            "max": 0.7888520800000001,
            "count": 7
        },
        "KeyboardAgent.Policy.Beta.mean": {
            "value": 0.00087207319,
            "min": 0.00087207319,
            "max": 0.000989965426,
            "count": 7
        },
        "KeyboardAgent.Policy.Beta.sum": {
            "value": 0.00348829276,
            "min": 0.0029698962780000003,
            "max": 0.003889635592,
            "count": 7
        },
        "KeyboardAgent.IsTraining.mean": {
            "value": 1.0,
            "min": 1.0,
            "max": 1.0,
            "count": 7
        },
        "KeyboardAgent.IsTraining.sum": {
            "value": 1.0,
            "min": 1.0,
            "max": 1.0,
            "count": 7
        }
    },
    "metadata": {
        "timer_format_version": "0.1.0",
        "start_time_seconds": "1682120019",
        "python_version": "3.9.13 (main, Aug 25 2022, 23:26:10) \n[GCC 11.2.0]",
        "command_line_arguments": "/mnt/c/Users/HOI3/anaconda3/bin/mlagents-learn keyboard.yaml --initialize-from kb_12 --run-id kb_13",
        "mlagents_version": "0.30.0",
        "mlagents_envs_version": "0.30.0",
        "communication_protocol_version": "1.5.0",
        "pytorch_version": "1.11.0+cu102",
        "numpy_version": "1.21.2",
        "end_time_seconds": "1682123534"
    },
    "total": 3515.9115094,
    "count": 1,
    "self": 0.011962799999309937,
    "children": {
        "run_training.setup": {
            "total": 0.16087840000000142,
            "count": 1,
            "self": 0.16087840000000142
        },
        "TrainerController.start_learning": {
            "total": 3515.7386682000006,
            "count": 1,
            "self": 12.847289799842656,
            "children": {
                "TrainerController._reset_env": {
                    "total": 44.70960560000003,
                    "count": 1,
                    "self": 44.70960560000003
                },
                "TrainerController.advance": {
                    "total": 3458.019461800158,
                    "count": 746793,
                    "self": 13.084745999602092,
                    "children": {
                        "env_step": {
                            "total": 3198.3867496005223,
                            "count": 746793,
                            "self": 2227.7731017009,
                            "children": {
                                "SubprocessEnvManager._take_step": {
                                    "total": 962.1991030003355,
                                    "count": 746793,
                                    "self": 32.58633080056552,
                                    "children": {
                                        "TorchPolicy.evaluate": {
                                            "total": 929.61277219977,
                                            "count": 746396,
                                            "self": 929.61277219977
                                        }
                                    }
                                },
                                "workers": {
                                    "total": 8.414544899286739,
                                    "count": 746792,
                                    "self": 0.0,
                                    "children": {
                                        "worker_root": {
                                            "total": 3492.0805534995716,
                                            "count": 746792,
                                            "is_parallel": true,
                                            "self": 1801.5719171997107,
                                            "children": {
                                                "run_training.setup": {
                                                    "total": 0.0,
                                                    "count": 0,
                                                    "is_parallel": true,
                                                    "self": 0.0,