{"count":1,"self":1456.7528447999998,"total":7763.8763912999993,"children":{"InitializeActuators":{"count":1,"self":0.0012073,"total":0.0012073,"children":null},"InitializeSensors":{"count":1,"self":0.0009666,"total":0.0009666,"children":null},"AgentSendState":{"count":7411063,"self":13.8641376,"total":47.5356392,"children":{"CollectObservations":{"count":1482213,"self":8.939444,"total":8.9394438,"children":null},"WriteActionMask":{"count":1482213,"self":1.3631579,"total":1.3631579,"children":null},"RequestDecision":{"count":1482213,"self":5.9914624,"total":23.3688994,"children":{"AgentInfo.ToProto":{"count":1482213,"self":6.459796,"total":17.377436799999998,"children":{"GenerateSensorData":{"count":1482213,"self":10.9176408,"total":10.9176409,"children":null}}}}}}},"DecideAction":{"count":7411063,"self":6150.3688704,"total":6150.3689316,"children":null},"AgentAct":{"count":7411063,"self":109.206272,"total":109.20626949999999,"children":null},"AgentInfo.ToProto":{"count":1066,"self":0.0050168999999999995,"total":0.0095608999999999989,"children":{"GenerateSensorData":{"count":1066,"self":0.0045439999999999994,"total":0.0045439999999999994,"children":null}}}},"gauges":{"Keyboard Agent.CumulativeReward":{"count":1066,"max":42327.28,"min":-30273.52,"runningAverage":24483.1172,"value":18386.01,"weightedAverage":32344.58}},"metadata":{"timer_format_version":"0.1.0","start_time_seconds":"1682180399","unity_version":"2021.3.11f1","command_line_arguments":"C:\\Program Files\\Unity\\Hub\\Editor\\2021.3.11f1\\Editor\\Unity.exe -projectpath C:\\Users\\HOI3\\source\\repos\\Stepmania Agents -useHub -hubIPC -cloudEnvironment production -licensingIpc LicenseClient-HOI3 -hubSessionId ccd92a89-9733-48dd-8844-cd99a432d78d -accessToken UfA8K-BZ2_KlebOZcGv3_Pv2CwY_VXV3SCxrKgBUp1g002f","communication_protocol_version":"1.5.0","com.unity.ml-agents_version":"2.0.1","scene_name":"gameScene","end_time_seconds":"1682188163"}}