{"count":1,"self":464.21478399999995,"total":1906.4732703,"children":{"InitializeActuators":{"count":1,"self":0,"total":0,"children":null},"InitializeSensors":{"count":1,"self":0.0010002,"total":0.0010002,"children":null},"AgentSendState":{"count":2504585,"self":2.7238168,"total":12.1720513,"children":{"CollectObservations":{"count":500917,"self":3.6696267999999996,"total":3.6696269,"children":null},"WriteActionMask":{"count":500917,"self":0.27841899999999997,"total":0.27841899999999997,"children":null},"RequestDecision":{"count":500917,"self":1.2749993,"total":5.5001885,"children":{"AgentInfo.ToProto":{"count":500917,"self":1.4881495999999999,"total":4.2251892,"children":{"GenerateSensorData":{"count":500917,"self":2.7370395999999997,"total":2.7370395999999997,"children":null}}}}}}},"DecideAction":{"count":2504585,"self":1403.5505151999998,"total":1403.5505644999998,"children":null},"AgentAct":{"count":2504585,"self":26.5308368,"total":26.5308362,"children":null},"AgentInfo.ToProto":{"count":260,"self":0.0010004,"total":0.0025115999999999997,"children":{"GenerateSensorData":{"count":260,"self":0.0015111999999999999,"total":0.0015111999999999999,"children":null}}}},"gauges":{"Keyboard Agent.CumulativeReward":{"count":260,"max":48450,"min":11250,"runningAverage":42387.3164,"value":45700,"weightedAverage":45471.4141}},"metadata":{"timer_format_version":"0.1.0","start_time_seconds":"1681970838","unity_version":"2021.3.11f1","command_line_arguments":"C:\\Program Files\\Unity\\Hub\\Editor\\2021.3.11f1\\Editor\\Unity.exe -projectpath C:\\Users\\Corppet\\Documents\\Unity Projects\\Stepmania Agents -useHub -hubIPC -cloudEnvironment production -licensingIpc LicenseClient-Corppet -hubSessionId eedfd81f-451e-4fe1-8e53-400a44c43f75 -accessToken 1LCnqHM2pzzL13qhMpbQ7O2DHf1HtyS_GvJCPRJCBFo002f","communication_protocol_version":"1.5.0","com.unity.ml-agents_version":"2.0.1","scene_name":"gameScene","end_time_seconds":"1681972745"}}