{"count":1,"self":1121.6201727999999,"total":5203.1253882,"children":{"InitializeActuators":{"count":1,"self":0.0010324,"total":0.0010324,"children":null},"InitializeSensors":{"count":1,"self":0.0010034,"total":0.0010034,"children":null},"AgentSendState":{"count":5385509,"self":9.877946399999999,"total":38.1264289,"children":{"CollectObservations":{"count":1077102,"self":11.2411792,"total":11.2411791,"children":null},"WriteActionMask":{"count":1077102,"self":0.97057149999999992,"total":0.97057149999999992,"children":null},"RequestDecision":{"count":1077102,"self":4.0423696,"total":16.0367321,"children":{"AgentInfo.ToProto":{"count":1077102,"self":4.46204,"total":11.9943625,"children":{"GenerateSensorData":{"count":1077102,"self":7.5323224,"total":7.5323223,"children":null}}}}}}},"DecideAction":{"count":5385509,"self":3974.801408,"total":3974.8015846999997,"children":null},"AgentAct":{"count":5385509,"self":68.568620799999991,"total":68.56862319999999,"children":null},"AgentInfo.ToProto":{"count":689,"self":0.0035064999999999996,"total":0.0065169999999999994,"children":{"GenerateSensorData":{"count":689,"self":0.0030104999999999997,"total":0.0030104999999999997,"children":null}}}},"gauges":{"Keyboard Agent.CumulativeReward":{"count":689,"max":47623.707,"min":-4481.47559,"runningAverage":38732.7539,"value":42319.0156,"weightedAverage":41082.6}},"metadata":{"timer_format_version":"0.1.0","start_time_seconds":"1682114818","unity_version":"2021.3.11f1","command_line_arguments":"C:\\Program Files\\Unity\\Hub\\Editor\\2021.3.11f1\\Editor\\Unity.exe -projectpath C:\\Users\\HOI3\\source\\repos\\Stepmania Agents -useHub -hubIPC -cloudEnvironment production -licensingIpc LicenseClient-HOI3 -hubSessionId 5dc236cd-bec1-47df-bae9-477de80924c0 -accessToken LdO81fzeuxbZnO4uOArVy5_nR9LiKtccI0gdnhwy4VY002f","communication_protocol_version":"1.5.0","com.unity.ml-agents_version":"2.0.1","scene_name":"songSelectScene","end_time_seconds":"1682120021"}}