{"count":1,"self":1818.6407935999998,"total":8655.3683592,"children":{"InitializeActuators":{"count":1,"self":0.0010000999999999999,"total":0.0010000999999999999,"children":null},"InitializeSensors":{"count":1,"self":0.0009979,"total":0.0009979,"children":null},"AgentSendState":{"count":8904702,"self":15.4361616,"total":63.7368101,"children":{"CollectObservations":{"count":1780941,"self":19.0001024,"total":19.000103,"children":null},"WriteActionMask":{"count":1780941,"self":1.5562938,"total":1.5562938,"children":null},"RequestDecision":{"count":1780941,"self":6.4843668,"total":27.744252,"children":{"AgentInfo.ToProto":{"count":1780941,"self":7.9518511999999992,"total":21.2598853,"children":{"GenerateSensorData":{"count":1780941,"self":13.3080336,"total":13.308034,"children":null}}}}}}},"DecideAction":{"count":8904702,"self":6653.8082304,"total":6653.8082901,"children":null},"AgentAct":{"count":8904702,"self":119.16398079999999,"total":119.1639747,"children":null},"AgentInfo.ToProto":{"count":1157,"self":0.0080077999999999989,"total":0.0165119,"children":{"GenerateSensorData":{"count":1157,"self":0.0085040999999999988,"total":0.0085040999999999988,"children":null}}}},"gauges":{"Keyboard Agent.CumulativeReward":{"count":1157,"max":49362.8555,"min":-9100.998,"runningAverage":34868.1836,"value":13777.9,"weightedAverage":30483.8789}},"metadata":{"timer_format_version":"0.1.0","start_time_seconds":"1682096236","unity_version":"2021.3.11f1","command_line_arguments":"C:\\Program Files\\Unity\\Hub\\Editor\\2021.3.11f1\\Editor\\Unity.exe -projectpath C:\\Users\\HOI3\\source\\repos\\Stepmania Agents -useHub -hubIPC -cloudEnvironment production -licensingIpc LicenseClient-HOI3 -hubSessionId 62cde156-dc2f-48f5-b962-e1373d3b717e -accessToken nDavilkVKpjpjcX4I83olbx7DFEzOIPlvEZTNIcmqwo002f","communication_protocol_version":"1.5.0","com.unity.ml-agents_version":"2.0.1","scene_name":"songSelectScene","end_time_seconds":"1682104891"}}