{
    "name": "root",
    "gauges": {
        "KeyboardAgent.Policy.Entropy.mean": {
            "value": 0.9973498582839966,
            "min": 0.9973498582839966,
            "max": 1.01381516456604,
            "count": 8
        },
        "KeyboardAgent.Policy.Entropy.sum": {
            "value": 99873.6171875,
            "min": 24890.72265625,
            "max": 101921.875,
            "count": 8
        },
        "KeyboardAgent.Step.mean": {
            "value": 3899557.0,
            "min": 3199557.0,
            "max": 3899557.0,
            "count": 8
        },
        "KeyboardAgent.Step.sum": {
            "value": 3899557.0,
            "min": 3199557.0,
            "max": 3899557.0,
            "count": 8
        },
        "KeyboardAgent.Policy.ExtrinsicValueEstimate.mean": {
            "value": 2032.475830078125,
            "min": 2032.475830078125,
            "max": 2415.094970703125,
            "count": 8
        },
        "KeyboardAgent.Policy.ExtrinsicValueEstimate.sum": {
            "value": 294709.0,
            "min": 72452.8515625,
            "max": 318362.1875,
            "count": 8
        },
        "KeyboardAgent.Environment.EpisodeLength.mean": {
            "value": 1375.9305555555557,
            "min": 1334.9605263157894,
            "max": 1576.5333333333333,
            "count": 8
        },
        "KeyboardAgent.Environment.EpisodeLength.sum": {
            "value": 99067.0,
            "min": 23648.0,
            "max": 101457.0,
            "count": 8
        },
        "KeyboardAgent.Environment.CumulativeReward.mean": {
            "value": 28530.108040587544,
            "min": 26658.847369791667,
            "max": 35971.66411590576,
            "count": 8
        },
        "KeyboardAgent.Environment.CumulativeReward.sum": {
            "value": 2082697.8869628906,
            "min": 528422.19921875,
            "max": 2302186.5034179688,
            "count": 8
        },
        "KeyboardAgent.Policy.ExtrinsicReward.mean": {
            "value": 28530.108040587544,
            "min": 26658.847369791667,
            "max": 35971.66411590576,
            "count": 8
        },
        "KeyboardAgent.Policy.ExtrinsicReward.sum": {
            "value": 2082697.8869628906,
            "min": 528422.19921875,
            "max": 2302186.5034179688,
            "count": 8
        },
        "KeyboardAgent.IsTraining.mean": {
            "value": 1.0,
            "min": 1.0,
            "max": 1.0,
            "count": 8
        },
        "KeyboardAgent.IsTraining.sum": {
            "value": 1.0,
            "min": 1.0,
            "max": 1.0,
            "count": 8
        },
        "KeyboardAgent.Losses.PolicyLoss.mean": {
            "value": 0.0991716562167376,
            "min": 0.09632618583777669,
            "max": 0.09979169671922564,
            "count": 7
        },
        "KeyboardAgent.Losses.PolicyLoss.sum": {
            "value": 0.3966866248669504,
            "min": 0.38530474335110676,
            "max": 0.39916678687690255,
            "count": 7
        },
        "KeyboardAgent.Losses.ValueLoss.mean": {
            "value": 700143.0596297127,
            "min": 593178.086876709,
            "max": 814402.0121429844,
            "count": 7
        },
        "KeyboardAgent.Losses.ValueLoss.sum": {
            "value": 2800572.238518851,
            "min": 2372712.347506836,
            "max": 3257608.0485719377,
            "count": 7
        },
        "KeyboardAgent.Policy.LearningRate.mean": {
            "value": 6.906499697835999e-05,
            "min": 6.906499697835999e-05,
            "max": 0.000105635209788285,
            "count": 7
        },
        "KeyboardAgent.Policy.LearningRate.sum": {
            "value": 0.00027625998791343996,
            "min": 0.00027625998791343996,
            "max": 0.00042254083915314,
            "count": 7
        },
        "KeyboardAgent.Policy.Epsilon.mean": {
            "value": 0.12302164000000002,
            "min": 0.12302164000000002,
            "max": 0.135211715,
            "count": 7
        },
        "KeyboardAgent.Policy.Epsilon.sum": {
            "value": 0.49208656000000006,
            "min": 0.49208656000000006,
            "max": 0.54084686,
            "count": 7
        },
        "KeyboardAgent.Policy.Beta.mean": {
            "value": 0.00023791423599999996,
            "min": 0.00023791423599999996,
            "max": 0.0003585959785,
            "count": 7
        },
        "KeyboardAgent.Policy.Beta.sum": {
            "value": 0.0009516569439999999,
            "min": 0.0009516569439999999,
            "max": 0.001434383914,
            "count": 7
        }
    },
    "metadata": {
        "timer_format_version": "0.1.0",
        "start_time_seconds": "1682107672",
        "python_version": "3.9.13 (main, Aug 25 2022, 23:26:10) \n[GCC 11.2.0]",
        "command_line_arguments": "/mnt/c/Users/HOI3/anaconda3/bin/mlagents-learn keyboard.yaml --initialize-from kb_10 --run-id kb_12 --resume",
        "mlagents_version": "0.30.0",
        "mlagents_envs_version": "0.30.0",
        "communication_protocol_version": "1.5.0",
        "pytorch_version": "1.11.0+cu102",
        "numpy_version": "1.21.2",
        "end_time_seconds": "1682111583"
    },
    "total": 3911.0880327000013,
    "count": 1,
    "self": 0.011261100002229796,
    "children": {
        "run_training.setup": {
            "total": 0.16165649999857123,
            "count": 1,
            "self": 0.16165649999857123
        },
        "TrainerController.start_learning": {
            "total": 3910.9151151000005,
            "count": 1,
            "self": 14.701112600241686,
            "children": {
                "TrainerController._reset_env": {
                    "total": 31.29078819999995,
                    "count": 1,
                    "self": 31.29078819999995
                },
                "TrainerController.advance": {
                    "total": 3864.768962699758,
                    "count": 748932,
                    "self": 15.859078301920817,
                    "children": {
                        "env_step": {
                            "total": 3554.843031598999,
                            "count": 748932,
                            "self": 2433.848027800097,
                            "children": {
                                "SubprocessEnvManager._take_step": {
                                    "total": 1111.5366803995366,
                                    "count": 748932,
                                    "self": 40.515722699630714,
                                    "children": {
                                        "TorchPolicy.evaluate": {
                                            "total": 1071.020957699906,
                                            "count": 748519,
                                            "self": 1071.020957699906
                                        }
                                    }
                                },
                                "workers": {
                                    "total": 9.458323399365327,
                                    "count": 748931,
                                    "self": 0.0,
                                    "children": {
                                        "worker_root": {
                                            "total": 3886.8537684002677,
                                            "count": 748931,
                                            "is_parallel": true,
                                            "self": 2066.507581900958,
                                            "children": {
                                                "run_training.setup": {
                                                    "total": 0.0,
                                                    "count": 0,
                                                    "is_parallel": true,