{
    "name": "root",
    "gauges": {
        "KeyboardAgent.Policy.Entropy.mean": {
            "value": 1.284475564956665,
            "min": 1.284475564956665,
            "max": 1.629359245300293,
            "count": 10
        },
        "KeyboardAgent.Policy.Entropy.sum": {
            "value": 128624.8125,
            "min": 128624.8125,
            "max": 164330.65625,
            "count": 10
        },
        "KeyboardAgent.Step.mean": {
            "value": 999567.0,
            "min": 99856.0,
            "max": 999567.0,
            "count": 10
        },
        "KeyboardAgent.Step.sum": {
            "value": 999567.0,
            "min": 99856.0,
            "max": 999567.0,
            "count": 10
        },
        "KeyboardAgent.Policy.ExtrinsicValueEstimate.mean": {
            "value": 1904.42236328125,
            "min": 1904.42236328125,
            "max": 2456.285400390625,
            "count": 10
        },
        "KeyboardAgent.Policy.ExtrinsicValueEstimate.sum": {
            "value": 270427.96875,
            "min": 261965.125,
            "max": 294754.25,
            "count": 10
        },
        "KeyboardAgent.Environment.EpisodeLength.mean": {
            "value": 2108.31914893617,
            "min": 1564.71875,
            "max": 2108.31914893617,
            "count": 10
        },
        "KeyboardAgent.Environment.EpisodeLength.sum": {
            "value": 99091.0,
            "min": 99091.0,
            "max": 100823.0,
            "count": 10
        },
        "KeyboardAgent.Environment.CumulativeReward.mean": {
            "value": 50939.590768367685,
            "min": 32629.824738033236,
            "max": 50939.590768367685,
            "count": 10
        },
        "KeyboardAgent.Environment.CumulativeReward.sum": {
            "value": 2394160.7661132812,
            "min": 2055678.9584960938,
            "max": 2411430.69140625,
            "count": 10
        },
        "KeyboardAgent.Policy.ExtrinsicReward.mean": {
            "value": 50939.590768367685,
            "min": 32629.824738033236,
            "max": 50939.590768367685,
            "count": 10
        },
        "KeyboardAgent.Policy.ExtrinsicReward.sum": {
            "value": 2394160.7661132812,
            "min": 2055678.9584960938,
            "max": 2411430.69140625,
            "count": 10
        },
        "KeyboardAgent.Losses.PolicyLoss.mean": {
            "value": 0.09893024863705491,
            "min": 0.09664782455648382,
            "max": 0.10026810632879893,
            "count": 10
        },
        "KeyboardAgent.Losses.PolicyLoss.sum": {
            "value": 0.39572099454821963,
            "min": 0.2977621203690507,
            "max": 0.4010724253151957,
            "count": 10
        },
        "KeyboardAgent.Losses.ValueLoss.mean": {
            "value": 677381.3091921927,
            "min": 677381.3091921927,
            "max": 959305.5330144173,
            "count": 10
        },
        "KeyboardAgent.Losses.ValueLoss.sum": {
            "value": 2709525.236768771,
            "min": 2709525.236768771,
            "max": 3750303.2348168427,
            "count": 10
        },
        "KeyboardAgent.Policy.LearningRate.mean": {
            "value": 0.000242749384083545,
            "min": 0.000242749384083545,
            "max": 0.00029695406101531323,
            "count": 10
        },
        "KeyboardAgent.Policy.LearningRate.sum": {
            "value": 0.00097099753633418,
            "min": 0.0008908621830459397,
            "max": 0.00116646715117762,
            "count": 10
        },
        "KeyboardAgent.Policy.Epsilon.mean": {
            "value": 0.18091645500000003,
            "min": 0.18091645500000003,
            "max": 0.1989846866666667,
            "count": 10
        },
        "KeyboardAgent.Policy.Epsilon.sum": {
            "value": 0.7236658200000001,
            "min": 0.5969540600000001,
            "max": 0.78882238,
            "count": 10
        },
        "KeyboardAgent.Policy.Beta.mean": {
            "value": 0.0008110729045,
            "min": 0.0008110729045,
            "max": 0.000989948398,
            "count": 10
        },
        "KeyboardAgent.Policy.Beta.sum": {
            "value": 0.003244291618,
            "min": 0.0029698451939999997,
            "max": 0.0038893415619999996,
            "count": 10
        },
        "KeyboardAgent.IsTraining.mean": {
            "value": 1.0,
            "min": 1.0,
            "max": 1.0,
            "count": 10
        },
        "KeyboardAgent.IsTraining.sum": {
            "value": 1.0,
            "min": 1.0,
            "max": 1.0,
            "count": 10
        }
    },
    "metadata": {
        "timer_format_version": "0.1.0",
        "start_time_seconds": "1682089618",
        "python_version": "3.9.13 (main, Oct 13 2022, 21:15:33) \n[GCC 11.2.0]",
        "command_line_arguments": "/home/hoi/anaconda3/envs/ml-agents-2.0/bin/mlagents-learn keyboard.yaml --initialize-from kb_10 --run-id kb_12 --force",
        "mlagents_version": "0.30.0",
        "mlagents_envs_version": "0.30.0",
        "communication_protocol_version": "1.5.0",
        "pytorch_version": "1.11.0+cu102",
        "numpy_version": "1.21.2",
        "end_time_seconds": "1682094121"
    },
    "total": 4503.849710200004,
    "count": 1,
    "self": 0.010196600000199396,
    "children": {
        "run_training.setup": {
            "total": 0.08160260000295239,
            "count": 1,
            "self": 0.08160260000295239
        },
        "TrainerController.start_learning": {
            "total": 4503.757911000001,
            "count": 1,
            "self": 16.141956799641775,
            "children": {
                "TrainerController._reset_env": {
                    "total": 32.25883299999987,
                    "count": 1,
                    "self": 32.25883299999987
                },
                "TrainerController.advance": {
                    "total": 4455.2261071003595,
                    "count": 1054053,
                    "self": 15.200128899523406,
                    "children": {
                        "env_step": {
                            "total": 4062.8901347991196,
                            "count": 1054053,
                            "self": 2897.6058953949687,
                            "children": {
                                "SubprocessEnvManager._take_step": {
                                    "total": 1154.593570101264,
                                    "count": 1054053,
                                    "self": 39.351412500553124,
                                    "children": {
                                        "TorchPolicy.evaluate": {
                                            "total": 1115.242157600711,
                                            "count": 1053573,
                                            "self": 1115.242157600711
                                        }
                                    }
                                },
                                "workers": {
                                    "total": 10.690669302886818,
                                    "count": 1054052,
                                    "self": 0.0,
                                    "children": {
                                        "worker_root": {
                                            "total": 4475.808231397983,
                                            "count": 1054052,
                                            "is_parallel": true,
                                            "self": 2262.1034766954035,
                                            "children": {
                                                "run_training.setup": {
                                                    "total": 0.0,
                                                    "count": 0,
                                                    "is_parallel": true,