{
    "name": "root",
    "gauges": {
        "KeyboardAgent.Policy.Entropy.mean": {
            "value": 2.0150954723358154,
            "min": 2.0150954723358154,
            "max": 2.7636852264404297,
            "count": 10
        },
        "KeyboardAgent.Policy.Entropy.sum": {
            "value": 100833.3671875,
            "min": 100833.3671875,
            "max": 138463.390625,
            "count": 10
        },
        "KeyboardAgent.Step.mean": {
            "value": 499473.0,
            "min": 49101.0,
            "max": 499473.0,
            "count": 10
        },
        "KeyboardAgent.Step.sum": {
            "value": 499473.0,
            "min": 49101.0,
            "max": 499473.0,
            "count": 10
        },
        "KeyboardAgent.Policy.ExtrinsicValueEstimate.mean": {
            "value": -5783.353515625,
            "min": -7133.1484375,
            "max": -1387.4771728515625,
            "count": 10
        },
        "KeyboardAgent.Policy.ExtrinsicValueEstimate.sum": {
            "value": -352784.5625,
            "min": -474236.4375,
            "max": -86023.5859375,
            "count": 10
        },
        "KeyboardAgent.Environment.EpisodeLength.mean": {
            "value": 1724.4827586206898,
            "min": 1638.6333333333334,
            "max": 2337.1428571428573,
            "count": 10
        },
        "KeyboardAgent.Environment.EpisodeLength.sum": {
            "value": 50010.0,
            "min": 47494.0,
            "max": 51609.0,
            "count": 10
        },
        "KeyboardAgent.Environment.CumulativeReward.mean": {
            "value": -101071.16258081897,
            "min": -199721.02827380953,
            "max": -101071.16258081897,
            "count": 10
        },
        "KeyboardAgent.Environment.CumulativeReward.sum": {
            "value": -2931063.71484375,
            "min": -4194141.59375,
            "max": -2931063.71484375,
            "count": 10
        },
        "KeyboardAgent.Policy.ExtrinsicReward.mean": {
            "value": -101071.16258081897,
            "min": -199721.02827380953,
            "max": -101071.16258081897,
            "count": 10
        },
        "KeyboardAgent.Policy.ExtrinsicReward.sum": {
            "value": -2931063.71484375,
            "min": -4194141.59375,
            "max": -2931063.71484375,
            "count": 10
        },
        "KeyboardAgent.Losses.PolicyLoss.mean": {
            "value": 0.09975978707268143,
            "min": 0.09660461862775586,
            "max": 0.10184532339741316,
            "count": 10
        },
        "KeyboardAgent.Losses.PolicyLoss.sum": {
            "value": 0.19951957414536287,
            "min": 0.09660461862775586,
            "max": 0.20369064679482632,
            "count": 10
        },
        "KeyboardAgent.Losses.ValueLoss.mean": {
            "value": 1502125.4695130829,
            "min": 1502125.4695130829,
            "max": 12994496.578218244,
            "count": 10
        },
        "KeyboardAgent.Losses.ValueLoss.sum": {
            "value": 3004250.9390261658,
            "min": 3004250.9390261658,
            "max": 12994496.578218244,
            "count": 10
        },
        "KeyboardAgent.Policy.LearningRate.mean": {
            "value": 1.8244593918499986e-05,
            "min": 1.8244593918499986e-05,
            "max": 0.00028497600500799997,
            "count": 10
        },
        "KeyboardAgent.Policy.LearningRate.sum": {
            "value": 3.648918783699997e-05,
            "min": 3.648918783699997e-05,
            "max": 0.0005247624250791999,
            "count": 10
        },
        "KeyboardAgent.Policy.Epsilon.mean": {
            "value": 0.10608150000000002,
            "min": 0.10608150000000002,
            "max": 0.19499200000000003,
            "count": 10
        },
        "KeyboardAgent.Policy.Epsilon.sum": {
            "value": 0.21216300000000005,
            "min": 0.19499200000000003,
            "max": 0.3749208,
            "count": 10
        },
        "KeyboardAgent.Policy.Beta.mean": {
            "value": 7.020684999999994e-05,
            "min": 7.020684999999994e-05,
            "max": 0.0009504207999999998,
            "count": 10
        },
        "KeyboardAgent.Policy.Beta.sum": {
            "value": 0.00014041369999999987,
            "min": 0.00014041369999999987,
            "max": 0.0017517159199999998,
            "count": 10
        },
        "KeyboardAgent.IsTraining.mean": {
            "value": 1.0,
            "min": 1.0,
            "max": 1.0,
            "count": 10
        },
        "KeyboardAgent.IsTraining.sum": {
            "value": 1.0,
            "min": 1.0,
            "max": 1.0,
            "count": 10
        }
    },
    "metadata": {
        "timer_format_version": "0.1.0",
        "start_time_seconds": "1682045401",
        "python_version": "3.9.13 (main, Oct 13 2022, 21:15:33) \n[GCC 11.2.0]",
        "command_line_arguments": "/home/hoi/anaconda3/envs/ml-agents-2.0/bin/mlagents-learn keyboard.yaml --run-id kb_09 --force",
        "mlagents_version": "0.30.0",
        "mlagents_envs_version": "0.30.0",
        "communication_protocol_version": "1.5.0",
        "pytorch_version": "1.11.0+cu102",
        "numpy_version": "1.21.2",
        "end_time_seconds": "1682047476"
    },
    "total": 2075.0629507000003,
    "count": 1,
    "self": 0.01062320000028194,
    "children": {
        "run_training.setup": {
            "total": 0.07821809999995821,
            "count": 1,
            "self": 0.07821809999995821
        },
        "TrainerController.start_learning": {
            "total": 2074.9741094,
            "count": 1,
            "self": 7.733508899613753,
            "children": {
                "TrainerController._reset_env": {
                    "total": 38.33113590000039,
                    "count": 1,
                    "self": 38.33113590000039
                },
                "TrainerController.advance": {
                    "total": 2028.7823821003858,
                    "count": 500689,
                    "self": 6.895617000751372,
                    "children": {
                        "env_step": {
                            "total": 1853.8974831996807,
                            "count": 500689,
                            "self": 1311.7145852997428,
                            "children": {
                                "SubprocessEnvManager._take_step": {
                                    "total": 537.2573540997855,
                                    "count": 500689,
                                    "self": 18.76897240024391,
                                    "children": {
                                        "TorchPolicy.evaluate": {
                                            "total": 518.4883816995416,
                                            "count": 500473,
                                            "self": 518.4883816995416
                                        }
                                    }
                                },
                                "workers": {
                                    "total": 4.925543800152354,
                                    "count": 500689,
                                    "self": 0.0,
                                    "children": {
                                        "worker_root": {
                                            "total": 2063.923086700513,
                                            "count": 500689,
                                            "is_parallel": true,
                                            "self": 1068.6561832000207,
                                            "children": {
                                                "run_training.setup": {
                                                    "total": 0.0,
                                                    "count": 0,
                                                    "is_parallel": true,