{
    "name": "root",
    "gauges": {
        "KeyboardAgent.Policy.Entropy.mean": {
            "value": 2.6984293460845947,
            "min": 2.6876256465911865,
            "max": 2.724208116531372,
            "count": 5
        },
        "KeyboardAgent.Policy.Entropy.sum": {
            "value": 134864.796875,
            "min": 126499.8125,
            "max": 136330.265625,
            "count": 5
        },
        "KeyboardAgent.Step.mean": {
            "value": 499936.0,
            "min": 299953.0,
            "max": 499936.0,
            "count": 5
        },
        "KeyboardAgent.Step.sum": {
            "value": 499936.0,
            "min": 299953.0,
            "max": 499936.0,
            "count": 5
        },
        "KeyboardAgent.Policy.ExtrinsicValueEstimate.mean": {
            "value": 587.6067504882812,
            "min": 514.1198120117188,
            "max": 587.6067504882812,
            "count": 5
        },
        "KeyboardAgent.Policy.ExtrinsicValueEstimate.sum": {
            "value": 470673.03125,
            "min": 379934.5625,
            "max": 470673.03125,
            "count": 5
        },
        "KeyboardAgent.Environment.EpisodeLength.mean": {
            "value": 1700.344827586207,
            "min": 1611.516129032258,
            "max": 1700.344827586207,
            "count": 5
        },
        "KeyboardAgent.Environment.EpisodeLength.sum": {
            "value": 49310.0,
            "min": 46240.0,
            "max": 50198.0,
            "count": 5
        },
        "KeyboardAgent.Environment.CumulativeReward.mean": {
            "value": 13634.48275862069,
            "min": 12311.290322580646,
            "max": 13655.172413793103,
            "count": 5
        },
        "KeyboardAgent.Environment.CumulativeReward.sum": {
            "value": 395400.0,
            "min": 355650.0,
            "max": 396000.0,
            "count": 5
        },
        "KeyboardAgent.Policy.ExtrinsicReward.mean": {
            "value": 13634.48275862069,
            "min": 12311.290322580646,
            "max": 13655.172413793103,
            "count": 5
        },
        "KeyboardAgent.Policy.ExtrinsicReward.sum": {
            "value": 395400.0,
            "min": 355650.0,
            "max": 396000.0,
            "count": 5
        },
        "KeyboardAgent.Losses.PolicyLoss.mean": {
            "value": 0.024695518360628436,
            "min": 0.02259513786993921,
            "max": 0.027406313146154087,
            "count": 5
        },
        "KeyboardAgent.Losses.PolicyLoss.sum": {
            "value": 0.09878207344251375,
            "min": 0.09878207344251375,
            "max": 0.12123760005148748,
            "count": 5
        },
        "KeyboardAgent.Losses.ValueLoss.mean": {
            "value": 25869.557910156247,
            "min": 25869.557910156247,
            "max": 32806.63421223958,
            "count": 5
        },
        "KeyboardAgent.Losses.ValueLoss.sum": {
            "value": 103478.23164062499,
            "min": 103478.23164062499,
            "max": 158321.92662760417,
            "count": 5
        },
        "KeyboardAgent.Policy.LearningRate.mean": {
            "value": 1.5422944859049998e-05,
            "min": 1.5422944859049998e-05,
            "max": 0.00013248350583885,
            "count": 5
        },
        "KeyboardAgent.Policy.LearningRate.sum": {
            "value": 6.169177943619999e-05,
            "min": 6.169177943619999e-05,
            "max": 0.0005299340233554,
            "count": 5
        },
        "KeyboardAgent.Policy.Epsilon.mean": {
            "value": 0.10514095000000001,
            "min": 0.10514095000000001,
            "max": 0.14416115000000002,
            "count": 5
        },
        "KeyboardAgent.Policy.Epsilon.sum": {
            "value": 0.42056380000000004,
            "min": 0.42056380000000004,
            "max": 0.6745382,
            "count": 5
        },
        "KeyboardAgent.Policy.Beta.mean": {
            "value": 0.00026653340500000007,
            "min": 0.00026653340500000007,
            "max": 0.0022136413850000003,
            "count": 5
        },
        "KeyboardAgent.Policy.Beta.sum": {
            "value": 0.0010661336200000003,
            "min": 0.0010661336200000003,
            "max": 0.008854565540000001,
            "count": 5
        },
        "KeyboardAgent.IsTraining.mean": {
            "value": 1.0,
            "min": 1.0,
            "max": 1.0,
            "count": 5
        },
        "KeyboardAgent.IsTraining.sum": {
            "value": 1.0,
            "min": 1.0,
            "max": 1.0,
            "count": 5
        }
    },
    "metadata": {
        "timer_format_version": "0.1.0",
        "start_time_seconds": "1681960112",
        "python_version": "3.9.13 (main, Aug 25 2022, 23:26:10) \n[GCC 11.2.0]",
        "command_line_arguments": "/mnt/c/Users/HOI3/anaconda3/bin/mlagents-learn --run-id kb_01 --resume",
        "mlagents_version": "0.30.0",
        "mlagents_envs_version": "0.30.0",
        "communication_protocol_version": "1.5.0",
        "pytorch_version": "1.11.0+cu102",
        "numpy_version": "1.21.2",
        "end_time_seconds": "1681961216"
    },
    "total": 1104.5750571,
    "count": 1,
    "self": 0.006693999999924927,
    "children": {
        "run_training.setup": {
            "total": 0.16623749999996562,
            "count": 1,
            "self": 0.16623749999996562
        },
        "TrainerController.start_learning": {
            "total": 1104.4021256,
            "count": 1,
            "self": 4.178684499987867,
            "children": {
                "TrainerController._reset_env": {
                    "total": 35.07153299999993,
                    "count": 1,
                    "self": 35.07153299999993
                },
                "TrainerController.advance": {
                    "total": 1065.0303384000126,
                    "count": 246628,
                    "self": 4.260636399848863,
                    "children": {
                        "env_step": {
                            "total": 988.9353987000667,
                            "count": 246628,
                            "self": 685.916448500026,
                            "children": {
                                "SubprocessEnvManager._take_step": {
                                    "total": 300.2650644000166,
                                    "count": 246628,
                                    "self": 10.830761899942786,
                                    "children": {
                                        "TorchPolicy.evaluate": {
                                            "total": 289.43430250007384,
                                            "count": 246513,
                                            "self": 289.43430250007384
                                        }
                                    }
                                },
                                "workers": {
                                    "total": 2.7538858000240225,
                                    "count": 246628,
                                    "self": 0.0,
                                    "children": {
                                        "worker_root": {
                                            "total": 1097.3532339999374,
                                            "count": 246628,
                                            "is_parallel": true,
                                            "self": 583.1854375999584,
                                            "children": {
                                                "run_training.setup": {
                                                    "total": 0.0,
                                                    "count": 0,
                                                    "is_parallel": true,
                                                    "self": 0.0,