{
    "name": "root",
    "gauges": {
        "KeyboardAgent.Policy.Entropy.mean": {
            "value": 2.734104871749878,
            "min": 2.658935546875,
            "max": 2.734104871749878,
            "count": 4
        },
        "KeyboardAgent.Policy.Entropy.sum": {
            "value": 136795.46875,
            "min": 61223.6640625,
            "max": 136795.46875,
            "count": 4
        },
        "KeyboardAgent.Step.mean": {
            "value": 249973.0,
            "min": 99946.0,
            "max": 249973.0,
            "count": 4
        },
        "KeyboardAgent.Step.sum": {
            "value": 249973.0,
            "min": 99946.0,
            "max": 249973.0,
            "count": 4
        },
        "KeyboardAgent.Policy.ExtrinsicValueEstimate.mean": {
            "value": 481.5367126464844,
            "min": 443.6156005859375,
            "max": 481.5367126464844,
            "count": 4
        },
        "KeyboardAgent.Policy.ExtrinsicValueEstimate.sum": {
            "value": 386192.4375,
            "min": 162363.3125,
            "max": 386192.4375,
            "count": 4
        },
        "KeyboardAgent.Environment.EpisodeLength.mean": {
            "value": 1582.53125,
            "min": 1523.357142857143,
            "max": 1591.4516129032259,
            "count": 4
        },
        "KeyboardAgent.Environment.EpisodeLength.sum": {
            "value": 50641.0,
            "min": 21327.0,
            "max": 50641.0,
            "count": 4
        },
        "KeyboardAgent.Environment.CumulativeReward.mean": {
            "value": 12664.0625,
            "min": 12228.57142857143,
            "max": 12990.322580645161,
            "count": 4
        },
        "KeyboardAgent.Environment.CumulativeReward.sum": {
            "value": 405250.0,
            "min": 171200.0,
            "max": 405750.0,
            "count": 4
        },
        "KeyboardAgent.Policy.ExtrinsicReward.mean": {
            "value": 12664.0625,
            "min": 12228.57142857143,
            "max": 12990.322580645161,
            "count": 4
        },
        "KeyboardAgent.Policy.ExtrinsicReward.sum": {
            "value": 405250.0,
            "min": 171200.0,
            "max": 405750.0,
            "count": 4
        },
        "KeyboardAgent.Losses.PolicyLoss.mean": {
            "value": 0.023979395145239932,
            "min": 0.023979395145239932,
            "max": 0.027289946838088025,
            "count": 4
        },
        "KeyboardAgent.Losses.PolicyLoss.sum": {
            "value": 0.11989697572619966,
            "min": 0.04998402368898193,
            "max": 0.13109068051756673,
            "count": 4
        },
        "KeyboardAgent.Losses.ValueLoss.mean": {
            "value": 37477.1655078125,
            "min": 37477.1655078125,
            "max": 46634.813085937494,
            "count": 4
        },
        "KeyboardAgent.Losses.ValueLoss.sum": {
            "value": 187385.82753906248,
            "min": 93269.62617187499,
            "max": 213102.7305338542,
            "count": 4
        },
        "KeyboardAgent.Policy.LearningRate.mean": {
            "value": 0.00016748080417308003,
            "min": 0.00016748080417308003,
            "max": 0.0002444982185006,
            "count": 4
        },
        "KeyboardAgent.Policy.LearningRate.sum": {
            "value": 0.0008374040208654002,
            "min": 0.0004889964370012,
            "max": 0.0011145277284908,
            "count": 4
        },
        "KeyboardAgent.Policy.Epsilon.mean": {
            "value": 0.15582691999999998,
            "min": 0.15582691999999998,
            "max": 0.1814994000000001,
            "count": 4
        },
        "KeyboardAgent.Policy.Epsilon.sum": {
            "value": 0.7791345999999999,
            "min": 0.3629988000000002,
            "max": 0.8715091999999999,
            "count": 4
        },
        "KeyboardAgent.Policy.Beta.mean": {
            "value": 0.0027957633080000007,
            "min": 0.0027957633080000007,
            "max": 0.00407682006,
            "count": 4
        },
        "KeyboardAgent.Policy.Beta.sum": {
            "value": 0.013978816540000003,
            "min": 0.00815364012,
            "max": 0.018588309080000004,
            "count": 4
        },
        "KeyboardAgent.IsTraining.mean": {
            "value": 1.0,
            "min": 1.0,
            "max": 1.0,
            "count": 4
        },
        "KeyboardAgent.IsTraining.sum": {
            "value": 1.0,
            "min": 1.0,
            "max": 1.0,
            "count": 4
        }
    },
    "metadata": {
        "timer_format_version": "0.1.0",
        "start_time_seconds": "1681933544",
        "python_version": "3.9.13 (main, Aug 25 2022, 23:26:10) \n[GCC 11.2.0]",
        "command_line_arguments": "/mnt/c/Users/HOI3/anaconda3/bin/mlagents-learn --run-id kb_01 --resume",
        "mlagents_version": "0.30.0",
        "mlagents_envs_version": "0.30.0",
        "communication_protocol_version": "1.5.0",
        "pytorch_version": "1.11.0+cu102",
        "numpy_version": "1.21.2",
        "end_time_seconds": "1681934375"
    },
    "total": 831.3701552000002,
    "count": 1,
    "self": 0.005692200002158643,
    "children": {
        "run_training.setup": {
            "total": 0.14101209999898856,
            "count": 1,
            "self": 0.14101209999898856
        },
        "TrainerController.start_learning": {
            "total": 831.2234508999991,
            "count": 1,
            "self": 3.0391846995025844,
            "children": {
                "TrainerController._reset_env": {
                    "total": 33.42899820000093,
                    "count": 1,
                    "self": 33.42899820000093
                },
                "TrainerController.advance": {
                    "total": 794.5984141004938,
                    "count": 176513,
                    "self": 3.0963795000425307,
                    "children": {
                        "env_step": {
                            "total": 739.3002892001368,
                            "count": 176513,
                            "self": 515.8614208004765,
                            "children": {
                                "SubprocessEnvManager._take_step": {
                                    "total": 221.50482029987688,
                                    "count": 176513,
                                    "self": 7.9015776000633196,
                                    "children": {
                                        "TorchPolicy.evaluate": {
                                            "total": 213.60324269981356,
                                            "count": 176419,
                                            "self": 213.60324269981356
                                        }
                                    }
                                },
                                "workers": {
                                    "total": 1.9340480997834675,
                                    "count": 176512,
                                    "self": 0.0,
                                    "children": {
                                        "worker_root": {
                                            "total": 824.0135931000732,
                                            "count": 176512,
                                            "is_parallel": true,
                                            "self": 436.3605635010281,
                                            "children": {
                                                "run_training.setup": {
                                                    "total": 0.0,
                                                    "count": 0,
                                                    "is_parallel": true,
                                                    "self": 0.0,